{"cameraMode":{"drawMode":0,"name":"Shaded","section":"Shading Mode"},"sceneLighting":false,"audioPlay":false,"sceneViewState":{"showFog":true,"showMaterialUpdate":false,"showSkybox":true,"showFlares":true,"showImageEffects":true,"showParticleSystems":true},"in2DMode":false,"pivot":{"x":1.899999976158142,"y":1.0,"z":12.170000076293946},"rotation":{"x":0.09465993940830231,"y":0.17525795102119447,"z":-0.01693095825612545,"w":0.9798150658607483},"size":1.428942322731018,"orthographic":false}