{"cameraMode":{"drawMode":0,"name":"Shaded","section":"Shading Mode"},"sceneLighting":false,"audioPlay":false,"sceneViewState":{"showFog":true,"showMaterialUpdate":false,"showSkybox":true,"showFlares":true,"showImageEffects":true,"showParticleSystems":true},"in2DMode":false,"pivot":{"x":-6.171557903289795,"y":2.556938409805298,"z":-1.2409451007843018},"rotation":{"x":0.0001567608560435474,"y":-0.999047577381134,"z":0.04348624125123024,"w":0.0035977812949568035},"size":3.5220654010772707,"orthographic":true}