{"cameraMode":{"drawMode":0,"name":"Shaded","section":"Shading Mode"},"sceneLighting":false,"audioPlay":false,"sceneViewState":{"showFog":true,"showMaterialUpdate":false,"showSkybox":true,"showFlares":true,"showImageEffects":true,"showParticleSystems":true},"in2DMode":false,"pivot":{"x":-6.171557903289795,"y":2.556938409805298,"z":-1.2409451007843018},"rotation":{"x":-0.03833289444446564,"y":-0.8940308094024658,"z":0.07797769457101822,"w":-0.4394984245300293},"size":2.7045791149139406,"orthographic":true}