{"cameraMode":{"drawMode":0,"name":"Shaded","section":"Shading Mode"},"sceneLighting":false,"audioPlay":false,"sceneViewState":{"showFog":true,"showMaterialUpdate":false,"showSkybox":true,"showFlares":true,"showImageEffects":true,"showParticleSystems":true},"in2DMode":false,"pivot":{"x":-0.5594857931137085,"y":2.7553982734680177,"z":2.4875283241271974},"rotation":{"x":-0.7398217916488648,"y":0.06944781541824341,"z":-0.0772920697927475,"w":-0.6647306084632874},"size":4.941659450531006,"orthographic":false}