{"cameraMode":{"drawMode":0,"name":"Shaded","section":"Shading Mode"},"sceneLighting":false,"audioPlay":false,"sceneViewState":{"showFog":true,"showMaterialUpdate":false,"showSkybox":true,"showFlares":true,"showImageEffects":true,"showParticleSystems":true},"in2DMode":false,"pivot":{"x":-6.171557903289795,"y":2.556938409805298,"z":-1.2409451007843018},"rotation":{"x":-0.025912553071975709,"y":-0.9656625986099243,"z":0.10616473108530045,"w":-0.2356978803873062},"size":2.4431827068328859,"orthographic":true}