{"cameraMode":{"drawMode":0,"name":"Shaded","section":"Shading Mode"},"sceneLighting":false,"audioPlay":false,"sceneViewState":{"showFog":true,"showMaterialUpdate":false,"showSkybox":true,"showFlares":true,"showImageEffects":true,"showParticleSystems":true},"in2DMode":false,"pivot":{"x":1.7000000476837159,"y":4.96999979019165,"z":8.069999694824219},"rotation":{"x":0.009075893089175225,"y":-0.4545600116252899,"z":-0.004631936550140381,"w":-0.8906578421592712},"size":22.0,"orthographic":false}