{"cameraMode":{"drawMode":0,"name":"Shaded","section":"Shading Mode"},"sceneLighting":false,"audioPlay":false,"sceneViewState":{"showFog":true,"showMaterialUpdate":false,"showSkybox":true,"showFlares":true,"showImageEffects":true,"showParticleSystems":true},"in2DMode":false,"pivot":{"x":-6.183511734008789,"y":2.559999942779541,"z":-1.2200000286102296},"rotation":{"x":0.009075893089175225,"y":-0.4545600116252899,"z":-0.004631936550140381,"w":-0.8906578421592712},"size":3.5847179889678957,"orthographic":false}