{"cameraMode":{"drawMode":0,"name":"Shaded","section":"Shading Mode"},"sceneLighting":false,"audioPlay":false,"sceneViewState":{"showFog":true,"showMaterialUpdate":false,"showSkybox":true,"showFlares":true,"showImageEffects":true,"showParticleSystems":true},"in2DMode":false,"pivot":{"x":-6.171557903289795,"y":2.556938409805298,"z":-1.2409451007843018},"rotation":{"x":0.0026187708135694267,"y":-0.9946152567863464,"z":0.10029684007167816,"w":0.025966783985495569},"size":2.7045791149139406,"orthographic":true}