{"cameraMode":{"drawMode":0,"name":"Shaded","section":"Shading Mode"},"sceneLighting":true,"audioPlay":false,"sceneViewState":{"showFog":true,"showMaterialUpdate":false,"showSkybox":true,"showFlares":true,"showImageEffects":true,"showParticleSystems":true},"in2DMode":false,"pivot":{"x":17.624162673950197,"y":-3.7920851707458498,"z":-2.6475894451141359},"rotation":{"x":-0.3594334125518799,"y":-0.026033848524093629,"z":0.01003182027488947,"w":-0.9327535629272461},"size":56.603084564208987,"orthographic":false}