{"cameraMode":{"drawMode":0,"name":"Shaded","section":"Shading Mode"},"sceneLighting":true,"audioPlay":false,"sceneViewState":{"showFog":true,"showMaterialUpdate":false,"showSkybox":true,"showFlares":true,"showImageEffects":true,"showParticleSystems":true},"in2DMode":false,"pivot":{"x":1.0500091314315797,"y":1.4221783876419068,"z":10.668798446655274},"rotation":{"x":0.09465993940830231,"y":0.17525795102119447,"z":-0.01693095825612545,"w":0.9798150658607483},"size":0.20526033639907838,"orthographic":false}