{"cameraMode":{"drawMode":0,"name":"Shaded","section":"Shading Mode"},"sceneLighting":true,"audioPlay":false,"sceneViewState":{"showFog":true,"showMaterialUpdate":false,"showSkybox":true,"showFlares":true,"showImageEffects":true,"showParticleSystems":true},"in2DMode":false,"pivot":{"x":21.767183303833009,"y":-4.9173903465271,"z":-0.7775492668151856},"rotation":{"x":0.15366137027740479,"y":0.5916085839271545,"z":-0.11611742526292801,"w":0.782882034778595},"size":25.634740829467775,"orthographic":false}